id,imiÄ™,nazwisko,email,rok urodzenia
bf02c663-d3d1-4be2-8ff9-8d1d7eb85a4e,John,Smith,john.smith@example.com,1975
0e07f3ff-5ac0-4290-b1a7-e08e7d35b601,Jane,Doe,jane.doe@example.com,1982
9b5f0046-61ca-45c5-b3d1-eb8a1cb6fba7,Michael,Johnson,michael.johnson@example.com,1990
d3499999-24d0-4e07-bdb7-90b775a83210,Emily,Williams,emily.williams@example.com,1988
e165f7c0-93b7-4d17-b9cf-50c9d4efaf80,James,Brown,james.brown@example.com,1973
f6e2b891-2344-45a0-b5aa-74ec8e1e2f71,Mary,Miller,mary.miller@example.com,1986
78f347b7-35ac-4e6e-b0ec-254a3b18a442,David,Davis,david.davis@example.com,1997
17b7f50d-200a-4b68-9f67-7bf0c16c0657,Sarah,Wilson,sarah.wilson@example.com,1979
f3994c56-2535-4f04-92e0-c6114e4088da,William,Moore,william.moore@example.com,1992
aa6ed9e6-5d27-4c9c-a8b1-20456b183680,Susan,Johnson,susan.johnson@example.com,1976
251108c0-3a8f-45c0-9c7d-8d9d201365f6,Robert,Anderson,robert.anderson@example.com,1985
9f5c17ea-30a2-45c6-a63d-8de17bdf71ab,Patricia,Martin,patricia.martin@example.com,1981
f5d46c62-56bf-47bf-bbe9-94c868bcb46f,Matthew,Lewis,matthew.lewis@example.com,1993
f09eae5d-3a0f-4f70-8b7a-218b095ff70e,Linda,White,linda.white@example.com,1987
d8de6b42-32ef-42c0-9519-e127295c7a8d,Christopher,Hall,christopher.hall@example.com,1984
